url_path,views_total,views_unique
/sysbio-curie/PhysiBoSS,10,8
/sysbio-curie/PhysiBoSS/tree/046ab2564823037e037aa5bba5e6b0515eb110c7/src/core,9,1
/sysbio-curie/PhysiBoSS/blob/master/README.md,4,2
/sysbio-curie/PhysiBoSS/blob/046ab2564823037e037aa5bba5e6b0515eb110c7/src/core/maboss_network.cpp,4,1
/sysbio-curie/PhysiBoSS/blob/046ab2564823037e037aa5bba5e6b0515eb110c7/src/core/maboss_network.h,4,1
/sysbio-curie/PhysiBoSS/blob/master/doc/wiki/Installation.md,4,1
/sysbio-curie/PhysiBoSS/blob/master/class_cell.html,3,1
/sysbio-curie/PhysiBoSS/tree/master/doc/wiki,3,1
/sysbio-curie/PhysiBoSS/blob/046ab2564823037e037aa5bba5e6b0515eb110c7/src/core/cell_cycle_network.cpp,2,1
/sysbio-curie/PhysiBoSS/blob/master/src/base/utilities.cpp,2,1
